{"cameraMode":{"drawMode":0,"name":"Shaded","section":"Shading Mode"},"sceneLighting":false,"audioPlay":false,"sceneViewState":{"showFog":true,"showMaterialUpdate":true,"showSkybox":false,"showFlares":true,"showImageEffects":true,"showParticleSystems":true},"in2DMode":false,"pivot":{"x":-0.011127054691314698,"y":0.08259029686450958,"z":-0.06351339817047119},"rotation":{"x":-0.06750375777482987,"y":-0.7360930442810059,"z":0.07422800362110138,"w":-0.6694128513336182},"size":2.1324939727783205,"orthographic":false}