{"cameraMode":{"drawMode":0,"name":"Shaded","section":"Shading Mode"},"sceneLighting":false,"audioPlay":false,"sceneViewState":{"showFog":true,"showMaterialUpdate":true,"showSkybox":false,"showFlares":true,"showImageEffects":true,"showParticleSystems":true},"in2DMode":false,"pivot":{"x":-1.240470290184021,"y":-3.036705493927002,"z":12.974958419799805},"rotation":{"x":0.10278303176164627,"y":0.10099471360445023,"z":-0.010491041466593743,"w":0.9895215034484863},"size":3.254031181335449,"orthographic":false}