{"cameraMode":{"drawMode":0,"name":"Shaded","section":"Shading Mode"},"sceneLighting":false,"audioPlay":false,"sceneViewState":{"showFog":true,"showMaterialUpdate":true,"showSkybox":false,"showFlares":true,"showImageEffects":true,"showParticleSystems":true},"in2DMode":false,"pivot":{"x":-4.631400108337402,"y":-6.855000019073486,"z":6.039999961853027},"rotation":{"x":-0.22767406702041627,"y":0.5743045210838318,"z":-0.17032508552074433,"w":-0.7676873803138733},"size":0.042998313903808597,"orthographic":false}