{"cameraMode":{"drawMode":0,"name":"Shaded","section":"Shading Mode"},"sceneLighting":false,"audioPlay":false,"sceneViewState":{"showFog":true,"showMaterialUpdate":true,"showSkybox":false,"showFlares":true,"showImageEffects":true,"showParticleSystems":true},"in2DMode":false,"pivot":{"x":1.0636999607086182,"y":-0.18459999561309815,"z":0.6269999742507935},"rotation":{"x":-0.07139388471841812,"y":-0.5466962456703186,"z":0.0468570850789547,"w":-0.832973301410675},"size":0.02194400690495968,"orthographic":false}