{"cameraMode":{"drawMode":0,"name":"Shaded","section":"Shading Mode"},"sceneLighting":true,"audioPlay":false,"sceneViewState":{"showFog":true,"showMaterialUpdate":true,"showSkybox":true,"showFlares":true,"showImageEffects":true,"showParticleSystems":true},"in2DMode":false,"pivot":{"x":-6.916509628295898,"y":-1.948349952697754,"z":-187.17111206054688},"rotation":{"x":0.19449466466903687,"y":-0.5445065498352051,"z":0.1315201371908188,"w":0.8052288889884949},"size":10.0,"orthographic":false}