{"cameraMode":{"drawMode":0,"name":"Shaded","section":"Shading Mode"},"sceneLighting":true,"audioPlay":false,"sceneViewState":{"showFog":true,"showMaterialUpdate":true,"showSkybox":true,"showFlares":true,"showImageEffects":true,"showParticleSystems":true},"in2DMode":false,"pivot":{"x":-15.734832763671875,"y":-67.09403991699219,"z":-133.3819122314453},"rotation":{"x":0.08967351913452149,"y":-0.7032512426376343,"z":0.09015122056007385,"w":0.6994855999946594},"size":130.78732299804688,"orthographic":false}